states,sat_2018_erw,sat_2018_math,sat_2018_total,sat_2018_part_rate,act_2018_part_rate,act_2018_composite,act_2018_english,act_2018_math,act_2018_reading,act_2018_science
Alabama,595,571,1166,6,100,19.1,18.9,18.3,19.6,19.0
Alaska,562,544,1106,43,33,20.8,19.8,20.6,21.6,20.7
Arizona,577,572,1149,29,66,19.2,18.2,19.4,19.5,19.2
Arkansas,592,576,1169,5,100,19.4,19.1,18.9,19.7,19.4
California,540,536,1076,60,27,22.7,22.5,22.5,23.0,22.1
Colorado,519,506,1025,100,30,23.9,23.9,23.2,24.4,23.5
Connecticut,535,519,1053,100,26,25.6,26.0,24.8,26.1,24.9
Delaware,505,492,998,100,17,23.8,23.7,23.1,24.5,23.4
District of Columbia,497,480,977,92,32,23.6,23.7,22.7,24.4,23.0
Florida,522,493,1014,97,66,19.9,19.2,19.3,21.1,19.5
Georgia,542,522,1064,70,53,21.4,20.9,20.7,21.2,21.4
Hawaii,550,549,1099,56,89,18.9,18.2,19.0,19.1,19.0
Idaho,508,493,1001,100,36,22.3,21.9,21.6,23.2,22.1
Illinois,513,506,1019,99,43,23.9,24.1,23.4,24.2,23.4
Indiana,546,539,1086,67,32,22.5,21.9,22.3,23.1,22.2
Iowa,634,631,1265,3,68,21.8,21.0,21.2,22.5,22.0
Kansas,633,631,1265,4,71,21.6,21.0,21.1,22.3,21.5
Kentucky,630,618,1248,4,100,20.2,19.9,19.7,20.8,20.1
Louisiana,615,595,1210,4,100,19.2,19.0,18.5,19.6,19.1
Maine,512,501,1013,99,7,24.0,23.8,23.6,24.7,23.4
Maryland,545,535,1080,76,31,22.5,22.1,22.0,23.1,22.2
Massachusetts,562,563,1125,80,25,25.5,25.5,25.2,25.9,24.7
Michigan,511,499,1011,100,22,24.4,24.5,23.9,24.7,23.9
Minnesota,643,655,1298,4,99,21.3,20.2,21.4,21.7,21.4
Mississippi,630,606,1236,3,100,18.6,18.2,18.1,18.9,18.6
Missouri,633,629,1262,4,100,20.0,19.5,19.7,20.5,20.0
Montana,606,592,1198,10,100,20.0,18.7,19.9,20.7,20.0
Nebraska,629,623,1252,3,100,20.1,19.4,19.8,20.4,20.1
Nevada,574,566,1140,23,100,17.7,16.6,17.8,18.0,17.9
New Hampshire,535,528,1063,96,16,25.1,25.1,24.7,25.6,24.4
New Jersey,547,547,1094,82,31,23.7,23.8,23.6,24.0,23.0
New Mexico,552,540,1093,16,67,19.4,18.3,19.1,20.1,19.7
New York,534,534,1068,79,27,24.5,24.2,24.2,24.9,24.2
North Carolina,554,543,1098,52,100,19.1,18.0,19.3,19.5,19.2
North Dakota,640,643,1283,2,98,20.3,19.1,20.3,20.7,20.5
Ohio,552,547,1099,18,100,20.3,19.3,20.3,20.8,20.4
Oklahoma,541,521,1062,8,100,19.3,18.4,18.8,20.1,19.4
Oregon,564,553,1117,48,42,21.3,20.6,20.9,21.9,21.1
Pennsylvania,547,539,1086,70,20,23.5,23.3,23.2,24.0,23.1
Rhode Island,513,505,1018,97,15,24.2,24.4,23.6,25.0,23.5
South Carolina,547,523,1070,55,100,18.3,17.3,18.2,18.6,18.5
South Dakota,622,618,1241,3,77,21.9,20.8,21.6,22.4,22.2
Tennessee,624,607,1231,6,100,19.6,19.4,19.1,19.9,19.6
Texas,520,512,1032,66,41,20.6,19.6,20.6,21.1,20.8
Utah,618,612,1230,4,100,20.4,19.7,19.9,20.9,20.5
Vermont,565,554,1120,64,24,24.1,23.9,23.4,24.9,23.8
Virginia,567,550,1117,68,24,23.9,23.8,23.3,24.7,23.5
Washington,543,538,1081,69,24,22.2,21.4,22.2,22.7,22.0
West Virginia,513,486,999,28,65,20.3,19.8,19.4,21.3,20.4
Wisconsin,641,653,1294,3,100,20.5,19.8,20.3,20.6,20.8
Wyoming,633,625,1257,3,100,20.0,19.0,19.7,20.6,20.3
